{
  "0": {
    "epsilon": [
      0.005,
      0.01,
      0.02,
      0.05,
      0.1,
      0.5,
      1,
      2,
      5
    ],
    "success_rate": [
      1.0,
      1.0,
      1.0,
      1.0,
      1.0,
      1.0,
      1.0,
      1.0,
      1.0
    ]
  },
  "7": {
    "epsilon": [
      0.005,
      0.01,
      0.02,
      0.05,
      0.1,
      0.5,
      1,
      2,
      5
    ],
    "success_rate": [
      0.9409367069137892,
      0.9409367069137892,
      0.9409367069137892,
      0.9409367069137892,
      0.9409367069137892,
      0.9409367069137892,
      0.9409367069137892,
      0.9409367069137892,
      0.9409367069137892
    ]
  },
  "15": {
    "epsilon": [
      0.005,
      0.01,
      0.02,
      0.05,
      0.1,
      0.5,
      1,
      2,
      5
    ],
    "success_rate": [
      0.47278888962721777,
      0.631337630407336,
      0.631337630407336,
      0.631337630407336,
      0.631337630407336,
      0.631337630407336,
      0.631337630407336,
      0.631337630407336,
      0.631337630407336
    ]
  },
  "23": {
    "epsilon": [
      0.005,
      0.01,
      0.02,
      0.05,
      0.1,
      0.5,
      1,
      2,
      5
    ],
    "success_rate": [
      0.16285704915882335,
      0.40068212376611023,
      0.40068212376611023,
      0.40068212376611023,
      0.40068212376611023,
      0.40068212376611023,
      0.40068212376611023,
      0.40068212376611023,
      0.40068212376611023
    ]
  },
  "31": {
    "epsilon": [
      0.005,
      0.01,
      0.02,
      0.05,
      0.1,
      0.5,
      1,
      2,
      5
    ],
    "success_rate": [
      0.010390492359932089,
      0.02264855687606112,
      0.052224108658743634,
      0.13161290322580646,
      0.13161290322580646,
      0.13161290322580646,
      0.13161290322580646,
      0.13161290322580646,
      0.13161290322580646
    ]
  }
}