{
  "0": {
    "epsilon": [
      0.005,
      0.01,
      0.02,
      0.05,
      0.1,
      0.5,
      1.0
    ],
    "success_rate": [
      1.0,
      1.0,
      1.0,
      1.0,
      1.0,
      1.0,
      1.0
    ]
  },
  "7": {
    "epsilon": [
      0.005,
      0.01,
      0.02,
      0.05,
      0.1,
      0.5,
      1.0
    ],
    "success_rate": [
      0.994655079597016,
      1.0,
      1.0,
      1.0,
      1.0,
      1.0,
      1.0
    ]
  },
  "15": {
    "epsilon": [
      0.005,
      0.01,
      0.02,
      0.05,
      0.1,
      0.5,
      1.0
    ],
    "success_rate": [
      0.47278888962721777,
      0.9057412452654662,
      1.0,
      1.0,
      1.0,
      1.0,
      1.0
    ]
  },
  "23": {
    "epsilon": [
      0.005,
      0.01,
      0.02,
      0.05,
      0.1,
      0.5,
      1.0
    ],
    "success_rate": [
      0.16285704915882335,
      0.5341553799232611,
      0.9730429934739121,
      1.0,
      1.0,
      1.0,
      1.0
    ]
  },
  "31": {
    "epsilon": [
      0.005,
      0.01,
      0.02,
      0.05,
      0.1,
      0.5,
      1.0
    ],
    "success_rate": [
      0.010390492359932089,
      0.02264855687606112,
      0.052224108658743634,
      0.2039728353140917,
      0.6825127334465195,
      1.0,
      1.0
    ]
  }
}