{
  "0": {
    "epsilon": [
      0.005,
      0.01,
      0.02
    ],
    "success_rate": [
      1.0,
      1.0,
      1.0
    ]
  },
  "7": {
    "epsilon": [
      0.005,
      0.01,
      0.02
    ],
    "success_rate": [
      0.2563233376792699,
      0.66870925684485,
      0.66870925684485
    ]
  },
  "15": {
    "epsilon": [
      0.005,
      0.01,
      0.02
    ],
    "success_rate": [
      0.0071693847892782174,
      0.022283222993702567,
      0.08522525431939286
    ]
  },
  "23": {
    "epsilon": [
      0.005,
      0.01,
      0.02
    ],
    "success_rate": [
      0.0005786850988587044,
      0.0017039061244172962,
      0.005819000160745861
    ]
  },
  "31": {
    "epsilon": [
      0.005,
      0.01,
      0.02
    ],
    "success_rate": [
      0.02146158570089531,
      0.07931736643071852,
      0.3673034034713468
    ]
  }
}