{
  "0": {
    "epsilon": [
      0.005,
      0.01,
      0.02,
      0.05,
      0.1,
      0.5,
      1.0
    ],
    "success_rate": [
      1.0,
      1.0,
      1.0,
      1.0,
      1.0,
      1.0,
      1.0
    ]
  },
  "7": {
    "epsilon": [
      0.005,
      0.01,
      0.02,
      0.05,
      0.1,
      0.5,
      1.0
    ],
    "success_rate": [
      0.25629074315514994,
      0.7860169491525424,
      0.9920795306388527,
      1.0,
      1.0,
      1.0,
      1.0
    ]
  },
  "15": {
    "epsilon": [
      0.005,
      0.01,
      0.02,
      0.05,
      0.1,
      0.5,
      1.0
    ],
    "success_rate": [
      0.007201679315356047,
      0.022283222993702567,
      0.08528984337154852,
      0.643274664944292,
      0.9968674309704505,
      1.0,
      1.0
    ]
  },
  "23": {
    "epsilon": [
      0.005,
      0.01,
      0.02,
      0.05,
      0.1,
      0.5,
      1.0
    ],
    "success_rate": [
      0.0005786850988587044,
      0.0017039061244172962,
      0.005819000160745861,
      0.05941167014949365,
      0.501494936505385,
      1.0,
      1.0
    ]
  },
  "31": {
    "epsilon": [
      0.005,
      0.01,
      0.02,
      0.05,
      0.1,
      0.5,
      1.0
    ],
    "success_rate": [
      0.02146158570089531,
      0.0793496880959307,
      0.3719900449271146,
      0.9783768059730438,
      1.0,
      1.0,
      1.0
    ]
  }
}